Comment,Footprint,MPN,LCSC,Note
10uF 50V X7R 10%,Capacitor_SMD:C_1210_3225Metric,CS3225X7R106K500NRL,C2918502,Frozen V2 schedule
2.2uF 100V X7R 10%,Capacitor_SMD:C_1210_3225Metric,FS32X225K101EGG,C153036,Frozen V2 schedule
100nF 100V X7R 10%,Capacitor_SMD:C_0805_2012Metric,CL21B104KCFNNNE,C28233,Frozen V2 schedule
22uF 25V X7R 10%,Capacitor_SMD:C_1210_3225Metric,CL32B226KAJNNNE,C309062,Frozen V2 schedule
1uF 50V X5R 10%,Capacitor_SMD:C_0603_1608Metric,CL10A105KB8NNNC,C15849,Frozen V2 schedule
47nF 100V X7R 10%,Capacitor_SMD:C_0805_2012Metric,CC0805KKX7R0BB473,C107126,Frozen V2 schedule
100nF 16V X7R 10%,Capacitor_SMD:C_0402_1005Metric,CL05B104KO5NNNC,C1525,Frozen V2 schedule
1uF 25V X5R 10%,Capacitor_SMD:C_0402_1005Metric,CL05A105KA5NQNC,C52923,Frozen V2 schedule
100nF 16V X7R 10% U12 bypass,Capacitor_SMD:C_0402_1005Metric,CL05B104KO5NNNC,C1525,Frozen V2 schedule
10uF 25V X5R 10%,Capacitor_SMD:C_0805_2012Metric,CL21A106KAYNNNE,C15850,Frozen V2 schedule
10uF 63V X7R 10%,Capacitor_SMD:C_1210_3225Metric,GRM32ER71J106KA12L,C437568,Frozen V2 schedule
10uF 25V X7R 10%,Capacitor_SMD:C_1210_3225Metric,CL32B106KAJNNNE,C39232,Frozen V2 schedule
100nF 50V X7R 10%,Capacitor_SMD:C_0603_1608Metric,CC0603KRX7R9BB104,C14663,Frozen V2 schedule
10nF 50V C0G 5%,Capacitor_SMD:C_0603_1608Metric,GRM1885C1H103JA01D,C85973,Frozen V2 schedule
10nF 50V X7R 10%,Capacitor_SMD:C_0402_1005Metric,CL05B103KB5NNNC,C15195,Frozen V2 schedule
100nF 50V C0G 1%,Capacitor_SMD:C_1206_3216Metric,GCM31C5C1H104FA16L,C1864297,Frozen V2 schedule; machine assembled
2.2uF 50V X5R 10%,Capacitor_SMD:C_0805_2012Metric,CL21A225KBQNNNE,C377773,Frozen V2 schedule
BAT54W-G3-08,Diode_SMD:D_SOD-123,BAT54W-G3-08,C3313038,Frozen V2 schedule; proven V1 substitute
BAT54SLT1G,Package_TO_SOT_SMD:SOT-23,BAT54SLT1G,C19726,Frozen V2 schedule
43650-0300,Connector_Molex:Molex_Micro-Fit_3.0_43650-0300_1x03_P3.00mm_Horizontal,43650-0300,,Hand part
B3B-PH-K-S(LF)(SN),Connector_JST:JST_PH_B3B-PH-K_1x03_P2.00mm_Vertical,B3B-PH-K-S(LF)(SN),C131339,Hand part despite LCSC availability
B5B-PH-K-S(LF)(SN),Connector_JST:JST_PH_B5B-PH-K_1x05_P2.00mm_Vertical,B5B-PH-K-S(LF)(SN),C157993,Hand part despite LCSC availability
SWPA6045S470MT,Inductor_SMD:L_Sunlord_SWPA6045S,SWPA6045S470MT,C36414,Frozen V2 schedule
2N7002K-7,Package_TO_SOT_SMD:SOT-23,2N7002K-7,C85047,Frozen V2 schedule
BC847BDW1T1G,Package_TO_SOT_SMD:SOT-363_SC-70-6,BC847BDW1T1G,C82368,Frozen V2 schedule; onsemi Style 1
10k 1%,Resistor_SMD:R_0402_1005Metric,0402WGF1002TCE,C25744,Frozen V2 schedule
4.7k 1%,Resistor_SMD:R_0402_1005Metric,RC0402FR-074K7L,C105871,Frozen V2 schedule
100k,Resistor_SMD:R_0402_1005Metric,0402WGF1003TCE,C25741,Frozen V2 schedule
100k 1%,Resistor_SMD:R_0402_1005Metric,0402WGF1003TCE,C25741,Frozen V2 schedule
100ohm 1%,Resistor_SMD:R_0402_1005Metric,0402WGF1000TCE,C25076,Frozen V2 schedule
0ohm I2C isolation link,Resistor_SMD:R_0402_1005Metric,0402WGF0000TCE,C17168,Frozen V2 schedule
1k 1%,Resistor_SMD:R_0402_1005Metric,0402WGF1001TCE,C11702,Frozen V2 schedule
47ohm 1W 1%,Resistor_SMD:R_2512_6332Metric,FRC2512F47R0TS,C3000771,Live JLC substitute 2026-08-31; same 47 ohm 1% 1 W 200 V 2512 rating
910k 0.1%,Resistor_SMD:R_0402_1005Metric,RE0402BRE07910KL,C3921007,Frozen V2 schedule
100k 0.1%,Resistor_SMD:R_0402_1005Metric,RT0402BRD07100KL,C852472,Frozen V2 schedule
562k 1%,Resistor_SMD:R_0402_1005Metric,CRCW0402562KFKED,C4323390,Frozen V2 schedule
47.0k 0.1%,Resistor_SMD:R_0402_1005Metric,RT0402BRD0747KL,C728561,Frozen V2 schedule
10.0k 0.1%,Resistor_SMD:R_0402_1005Metric,RT0402BRD0710KL,C190095,Frozen V2 schedule
35.7k 1%,Resistor_SMD:R_0402_1005Metric,FRC0402F3572TS,C2998133,Frozen V2 schedule; RV1 absorbs tolerance
90.9k 0.1%,Resistor_SMD:R_0402_1005Metric,CPF0402B90K9E1,C2079068,Frozen V2 schedule
3224W-1-204E,Potentiometer_SMD:Potentiometer_Bourns_3224W_Vertical,3224W-1-204E,C55072,Frozen V2 schedule
PTS645SK43SMTR92LFS,Button_Switch_SMD:SW_SPST_PTS645Sx43SMTR92,PTS645SK43SMTR92LFS,C221871,Frozen V2 schedule
MCF8316DVRGFR,pcb01-parts:MCF8316D_RGF0040E,MCF8316DVRGFR,C47122159,Frozen V2 schedule
ESP32-C6-WROOM-1-N8,pcb01-v2-parts:ESP32-C6-WROOM-1,ESP32-C6-WROOM-1-N8,C5366877,Frozen V2 schedule
TPSM365R6V3RDNR,pcb01-parts:TPSM365R6_RDN0011A,TPSM365R6V3RDNR,C18208843,Frozen V2 schedule
TPS7A1601ADGNR,Package_SO:MSOP-8-1EP_3x3mm_P0.65mm_EP1.68x1.88mm,TPS7A1601ADGNR,C6886485,Frozen V2 schedule
SN74LVC1G74DCTR,pcb01-parts:TI_SM8_DCT0008A,SN74LVC1G74DCTR,C840104,Frozen V2 schedule
TPS3435CAKAGDDFR,pcb01-v2-parts:SOT-23-8_P0.65mm_Clearance0.20,TPS3435CAKAGDDFR,C6339182,Frozen V2 schedule
LM2907M/NOPB,Package_SO:SOIC-14_3.9x8.7mm_P1.27mm,LM2907M/NOPB,,Hand part; in-hand stock; TI exact 14-pin SOIC orderable
TLV1701AIDBVR,Package_TO_SOT_SMD:SOT-23-5,TLV1701AIDBVR,C130035,Frozen V2 schedule
SN74LVC1G17DCKR,Package_TO_SOT_SMD:SOT-353_SC-70-5,SN74LVC1G17DCKR,C10425,Frozen V2 schedule
TMP1075DGKR,pcb01-v2-parts:VSSOP-8_3x3mm_P0.65mm_Clearance0.20,TMP1075DGKR,C2864807,Frozen V2 schedule
